iguanaID,spot,tx,diet,lps,sex,tailbreak,tailBreakDate,0317mass,0317svl,0324glu,0324mass,0423glu,0423mass,0428glu,0428mass,0430glu,0430mass,0504mass,0511mass,0518mass,0525glu,0525svl,0525mass,0528glu,0528mass,0530glu,0530mass,0603mass,0610mass,0617mass,0624glu,0624mass,0625svl,0628glu,0628mass,0702mass,0709mass,0324bka,0423bka,0428bka,0430bka,0504bka,0511bka,0525bka,0528bka,0530bka,0603bka,0610bka,0624bka,0628bka,0324agg,0423agg,0428agg,0430agg,0504agg,0511agg,0525agg,0528agg,0530agg,0603agg,0610agg,0624agg,0628agg,0324lys,0423lys,0428lys,0430lys,0504lys,0511lys,0525lys,0528lys,0530lys,0603lys,0610lys,0624lys,0628lys,0324drom,0423drom,0428drom,0430drom,0504drom,0511drom,0525drom,0528drom,0530drom,0603drom,0610drom,0624drom,0628drom,0324oxy,0423oxy,0428oxy,0430oxy,0504oxy,0511oxy,0525oxy,0528oxy,0530oxy,0603oxy,0610oxy,0624oxy,0628oxy,0324totri,0423totri,0428totri,0430totri,0504totri,0511totri,0525totri,0528totri,0530totri,0603totri,0610totri,0624totri,0628totri,0324trtri,0423trtri,0428trtri,0430trtri,0504trtri,0511trtri,0525trtri,0528trtri,0530trtri,0603trtri,0610trtri,0624trtri,0628trtri,0324gly,0423gly,0428gly,0430gly,0504gly,0511gly,0525gly,0528gly,0530gly,0603gly,0610gly,0624gly,0628gly,0324dromstd,0423dromstd,0428dromstd,0430dromstd,0504dromstd,0511dromstd,0525dromstd,0528dromstd,0530dromstd,0603dromstd,0610dromstd,0624dromstd,0628dromstd,0324oxystd,0423oxystd,0428oxystd,0430oxystd,0504oxystd,0511oxystd,0525oxystd,0528oxystd,0530oxystd,0603oxystd,0610oxystd,0624oxystd,0628oxystd,0324oi,0423oi,0428oi,0430oi,0504oi,0511oi,0525oi,0528oi,0530oi,0603oi,0610oi,0624oi,0628oi
1,R1-L1,G-C,g,c,m,0,,58,11.9,180,57,333,69,234,79,291,77,74,81,85,292,125,93,255,91,35,89,100,100,112,193,122,137,229,115,128,133,91.56592634,67.56352765,77.70083102,69.54196698,0,0,78.36662053,80.14461599,78.71581451,10.01110582,0,7.362347924,13.01310044,2,2,0,0.666666667,0.666666667,3,1.666666667,1,2.333333333,2,2.666666667,,,2.666666667,3,0,0.666666667,0,2,1,1.333333333,1.333333333,2.666666667,0,,,0.49725204,0.49498799,0.804893515,1.101550489,1.831145631,1.355381062,0.557327175,0.689973653,2.693946305,0.600475248,1.595793612,,2.313199017,347.9192547,340.3180543,332.566168,363.8665132,352.9375951,341.6625917,355.1485149,348.4158416,344.9210526,348.3362522,326.4181092,,343.0267062,1.419491525,6.201271186,5.443037975,5.974106042,4.752235469,7.779693487,5.400383142,5.163043478,6.513863216,6.605733278,6.755555556,,6.239175258,1.329412706,5.876140182,4.694683401,5.215858341,2.653698708,4.333333333,3.701867816,4.492552686,4.343391714,5.530139721,3.591724245,,2.730844794,0.189975748,0.149555376,0.816167897,0.834064969,2.740234375,4.346693387,2.116232465,0.742793792,2.751862015,1.243489583,4.039347007,,4.692341744,1.019987628,-0.194245348,0.388373066,0.140901732,1.233770563,0.74533272,-0.649760878,0.17568773,3.562748809,-0.699401962,0.962290879,-1.829545994,2.051684338,-1.126373886,0.507475006,-2.370650494,1.537563913,0.542279862,-0.886479907,0.615878159,0.45578191,-0.064946408,0.809278497,-0.076118429,,0.045789075,2.146361514,-0.701720355,2.75902356,-1.396662181,0.691490701,1.631812627,-1.265639037,-0.28009418,3.627695217,-1.508680459,1.038409308,,2.005895264
2,R1-L2,W-L,w,l,m,0,,62,12.8,225,59,353,61,351,57,312,63,63,67,63,279,121,67,324,66,272,67,72,74,76,282,79,132,281,82,85,91,81.75428732,60.93672147,87.07294552,0,68.94042747,76.74510579,77.85248171,78.50302912,82.0451843,83.9758845,56.84594637,86.9058071,85.20274485,2,2,1,0,1,5.666666667,3.666666667,4,3.666666667,2,2.333333333,3,3.666666667,4.333333333,3.333333333,1.666666667,0.666666667,1,1.333333333,1,3.333333333,4,1,1.333333333,1.333333333,2.666666667,0.348420547,0.400294636,0.314927142,0.444456026,0.919487379,0.518700539,0.629752117,0.635247904,0.892215988,0.696950495,1.248235872,0.873434889,2.083695332,345.8074534,344.1347053,335.3049482,364.2577675,361.217656,370.7579462,346.7326733,351.7821782,351.6315789,336.4273205,329.587217,332.7563249,340,1.25,1.25,0.433730454,2.127003699,0.95752608,1.906130268,2.653256705,1.977424749,2.822550832,3.749480681,4.284848485,4.303030303,2.944329897,1.151784285,1.124579933,0.382527147,1.906291624,0.925386909,1.211925287,2.007183908,1.687925844,2.427023985,3.4499002,2.222653521,3.757084077,2.783497053,0.212206952,0.246564268,0.221531286,0.333625988,0.14453125,1.02004008,0.887775551,0.44345898,0.529204234,0.340711806,2.685223943,0.640435329,0.196989819,0.109801497,-0.496985228,-1.014767511,-1.654616513,-0.902406031,-0.667810395,-0.512459501,-0.022644993,0.003999689,-0.540761101,0.426077027,0.147634457,1.714447539,-1.40240833,1.306463117,-1.997492546,1.567535475,1.178847524,3.023322302,-0.054972483,0.877485372,0.775405054,-0.237398088,0.183095681,-1.707232162,-0.231310029,1.512209827,-1.803448345,0.982725035,-3.222151987,-2.081253556,-3.691132697,-0.457487017,-0.900130365,-0.771405365,-0.303363013,0.242981345,1.854866619,1.945757568
3,R1-L1,G-C,g,c,m,0,,42,11.1,311,44,379,53,330,55,270,54,55,58,58,332,127,64,379,61,382,62,64,68,77,274,84,132,308,89,90,96,90.46949677,65.52067763,91.04339797,61.12531969,0,0,55.90270912,0,69.83749505,0,0,93.85425812,89.76918278,0,0,0,0,,0,3,1,0.666666667,1,6.333333333,0,0.666666667,0,0,0,0.333333333,,0,1,1,0,0.666666667,0,0.333333333,0.666666667,0.009463274,0.588963971,0.528704564,1.006488599,1.183937864,1.592658968,0.927039261,0.403468263,1.121689291,1.846336634,0.707498771,0.403695332,0.378928747,347.9192547,333.0028064,337.6524741,364.6490219,325.5098935,357.8728606,350.0990099,344.6287129,348.9473684,350.7180385,328.229028,329.1344874,354.1246291,,4.762711864,3.691362621,5.974106042,4.728017884,6.16091954,3.522988506,3.118729097,3.66728281,6.179891982,4.949494949,4.21010101,3.888659794,,3.741798688,3.003455084,5.617017942,1.432273179,3.019755747,1.572557471,1.985026145,2.351410283,3.06746507,2.451284838,3.740780995,3.450687623,,1.129749394,0.860862806,0.272168569,4.388671875,4.062124248,2.631262525,1.541019956,1.754214034,4.034288194,3.237756383,0.542067811,0.524568393,-1.963107959,0.106201048,-0.402562691,-0.118855983,-0.282751752,1.146092185,0.051129962,-0.862642408,0.457251715,1.349253296,-0.408174928,-0.915707393,-0.790566818,-1.126373886,-1.023918872,-1.677642876,1.597507036,-1.566350521,1.291838467,0.213367774,-0.018634484,0.43926447,1.018613814,0.07200392,-2.215129679,1.061819122,-0.836734074,1.13011992,1.275080185,-1.71636302,1.283598769,-0.145746281,-0.162237812,-0.844007924,0.017987245,0.330639483,-0.480178848,1.299422287,-1.85238594
4,R1-L1,G-L,g,l,m,0,,67,12.7,194,67,443,69,233,59,266,61,63,66,62,340,123,65,289,63,289,66,66,70,72,335,79,132,319,80,82,83,88.58588698,57.24962631,95.61403509,47.36107882,15.9163256,0,51.19636148,81.51260504,85.45382481,77.66143106,63.82674917,73.08415904,83.18153462,3,2,1,2.333333333,7.666666667,4,5.333333333,4,1,1,2.333333333,2.666666667,2.666666667,2.333333333,2.666666667,1,2,2.333333333,1,3,2.666666667,0.666666667,1,1.333333333,1,1.666666667,0.852554969,0.616224179,0.79843715,1.292508143,2.066019417,1.872012317,1.001533487,0.494409581,1.450087481,1.056237624,1.073218673,1.12770516,2.495646192,349.5031056,333.0028064,339.2174914,361.9102417,332.7549467,339.1687042,360.6188119,316.0148515,335.9736842,322.1366025,332.3035952,342.0178042,354.6290801,0.463983051,5.470338983,1.349590469,,5.38561848,6.040229885,3.595785441,2.984949833,2.129390018,5.492314084,6.804040404,7.670707071,6.053608247,0.654504721,5.264442311,1.034057256,,2.697714042,3.011494253,1.425287356,2.77254001,2.044735176,4.120159681,4.855601273,5.453769117,5.480550098,0,0.050525465,0.518849592,,3.509765625,3.915831663,2.931863727,0.261640798,0.143081145,1.705729167,2.398493093,2.714524906,0.571049137,3.192859723,0.193353438,0.369883659,0.66269574,1.784121403,1.617916556,0.192354236,-0.533060089,1.105898607,0.050039347,0.1560596,0.723221961,2.319775463,-0.919348052,-1.023918872,-1.464409763,1.387706106,-1.009353816,-1.22160581,1.051931076,-3.603113908,-1.185415024,-1.493409989,0.405279205,-0.408476417,1.108002305,4.112207775,1.21727231,1.834293422,-0.725010366,2.793475219,2.839522366,-0.859576841,3.070053819,2.29131363,1.543449337,-0.249219605,1.131698378,1.211773158
5,R1-L2,W-L,w,l,m,0,,37,11,344,39,352,40,306,38,263,41,40,51,40,320,109,43,303,41,320,41,43,44,46,493,51,114,192,50,51,55,86.61793646,60.5879422,100,71.82050686,48.52205548,0,78.72256278,80.3791284,69.83749505,0,78.74028241,82.46582215,90.54273238,3,2,1.333333333,2,3.333333333,2.333333333,2.666666667,2,4,,2.333333333,5.333333333,1,4.333333333,2.666666667,1.666666667,2.333333333,1.666666667,0.666666667,1.333333333,1.333333333,2.333333333,,1.666666667,0.666666667,0.666666667,0.310567451,0.418228983,0.548073659,1.213289902,1.15001165,1.215359507,1.316064665,0.610299401,1.347919155,1.428831683,0.629896806,0.747125307,0.591095823,344.2236025,332.0486436,345.8688147,364.2577675,336.8949772,344.1564792,301.7079208,358.5148515,335.0789474,130.4028021,326.8708389,345.0445104,332.9376855,1.773305085,1.425847458,0.681310499,2.667488697,5.301788376,6.411877395,4.022988506,1.287625418,3.95194085,,3.61010101,2.909090909,3.397938144,1.804288686,1.266602656,0.736849528,2.40578234,4.63971319,3.073994253,3.447916667,1.100855649,1.910388971,,2.529306731,1.537535906,3.162278978,0.012126112,0.276879547,0.05635445,0.355575066,0.728515625,4.314629259,0.669338677,0.350332594,2.745981968,,1.398074508,1.82712432,0.272244356,-0.12169093,-0.43964813,-0.347094469,0.446230977,-0.362246873,0.508838035,0.788634502,-0.113061382,0.904097351,0.662721294,-0.527899636,-0.138290504,-0.478804741,-1.609434163,-1.2236659,-0.558169032,1.567535475,-0.691069985,-0.551354003,-3.644023418,1.720892295,-1.297461885,,-0.039087842,0.015964646,-0.877874604,1.487743233,0.78401777,0.211074563,-1.121304498,0.328823112,1.060192039,4.432657921,-1.833953677,2.201559237,,-0.488811794,-0.154255151,0.399069863
6,R1-L2,W-C,w,c,m,0,,58,12.4,276,56,391,53,252,56,244,55,53,39,55,347,115,57,373,55,319,56,55,56,60,329,61,125,264,60,62,63,92.88726455,71.69905331,79.68605725,68.84445478,69.84993179,82.75657504,80.0276844,90.3459058,73.00832342,87.81532604,0,90.86918349,91.06674984,0.666666667,2,0,,0,0,0,1,0,0,0,0,0,0.666666667,1.666666667,0.666666667,,0,0.333333333,0.333333333,1.666666667,0.333333333,0.333333333,0.333333333,0,0.333333333,0.308846855,0.435445957,0.425276873,0.55619544,0.899479612,0.470417244,0.535453892,0.407492216,0.449486576,0.998019802,0.317012285,0.427636364,0.450751843,356.3664596,331.4125351,343.9125432,364.6490219,335.3424658,349.9755501,347.1534653,322.3267327,347.1578947,348.3362522,351.770972,350.5934718,325.3709199,1.175847458,0.713983051,0.716679077,1.588573777,0.946348733,1.917624521,1.402298851,1.135033445,2.120147874,2.324470295,1.37979798,2.206060606,2.243298969,1.188990238,0.863338134,0.761881258,1.360181775,0.989990061,1.826149425,1.253951149,1.062430677,1.00337624,2.233932136,1.308904588,1.681934632,2.063654224,0.076798707,0,0.068013991,0.379719052,0.041015625,0.178356713,0.30260521,0.201773836,1.581732654,0.132378472,0.154876517,0.722059439,0.270030987,-0.132213313,-0.384604515,-0.698753609,-1.349287268,-0.94928777,-0.749360286,-0.691227695,-0.84805912,-0.870472417,-0.045692207,-1.010619469,-0.861512465,-0.685028683,-0.022236108,-1.356830585,-0.824710423,1.597507036,-0.810426422,0.230606439,-0.021429951,-2.812419917,0.215170746,0.809278497,1.997594457,0.794106596,-1.570622364,-0.109977205,0.97222607,0.125956815,-2.946794304,-0.138861348,-0.979966725,-0.669797744,1.964360798,-1.085643163,-0.854970704,-3.008213927,-1.655619062,0.88559368
7,R1-L1,G-C,g,c,m,0,,75,12.7,239,78,311,75,534,74,224,83,75,76,75,321,132,75,364,77,333,74,76,79,79,342,85,137,278,85,84,85,88.24852404,71.89835575,76.08494922,69.68146943,46.20281946,87.5815701,82.7170259,78.26851671,87.35632184,83.15088053,9.439949231,93.65358084,6.899563319,1.333333333,3,0,0,1,1,3.333333333,2,2,1,1,0.333333333,,2,3.333333333,1,0.333333333,0.666666667,1.333333333,2.333333333,2.333333333,2.666666667,2,1,0.666666667,,0.363905905,0.548791033,0.602892508,1.496807818,0.797700971,0.721490377,0.664220359,1.089954491,0.55895264,0.510653465,0.459832924,0.498633907,1.639547912,355.310559,339.6819457,342.7387802,363.4752589,353.4550989,350.391198,312.2277228,334.529703,344.4736842,348.9316988,326.4181092,349.0801187,,1.908898305,2.014830508,2.069992554,3.982737361,3.964232489,4.760536398,2.634099617,6.017976589,2.768946396,4.530535937,5.56969697,4.351515152,6.696907216,1.554648744,2.069131061,1.963051756,3.507404215,2.820176061,4.168103448,2.341235632,5.340675012,2.63206021,4.224351297,5.050073752,4.123515255,2.418860511,0.4890865,0,0.178779635,0.568481124,1.478515625,0.629258517,0.396793587,0.689578714,0.17248138,0.308159722,0.537881959,0.209292591,5.745905268,0.204502944,-0.022234053,-0.190107059,1.220946971,-1.187773134,-0.325300852,-0.447115477,1.625266602,-0.654256786,-0.847102074,-0.79027506,-0.700796474,1.061809416,-0.16025333,0.374310321,-0.984635258,1.507592352,0.582065341,0.286460756,-2.805460116,-1.283744869,-0.120969838,0.861612326,-0.076118429,0.581886065,,0.364756274,-0.396544374,0.794528199,-0.286645381,-1.769838474,-0.611761608,2.358344639,2.909011471,-0.533286948,-1.7087144,-0.714156631,-1.282682538,
8,R1-L3,G-L,g,l,m,0,,61,13.1,145,56,404,61,365,60,217,60,64,63,65,342,128,65,303,63,284,62,67,68,72,340,78,133,374,79,77,76,92.66235592,69.60637768,88.18097876,0,57.79899955,73.30433063,0,82.17705687,67.7764566,84.07107726,0,79.12956227,88.59638178,4,2.666666667,1,0,2.333333333,3,0.666666667,4,3.666666667,1,2.666666667,1,1,4,3.333333333,1.333333333,0,0,1,0,4,2.333333333,1,3,0.333333333,1.666666667,0.320891023,0.434728583,0.417771987,1.470123779,0.862073786,0.918072363,2.371180838,0.527405988,1.326025943,0.505663366,1.821995086,0.503587224,0.298850123,356.8944099,340.3180543,345.4775604,361.127733,351.3850837,345.403423,351.3613861,347.1534653,348.0526316,345.9544658,340.9054594,354.1246291,334.9554896,1.277542373,2.639830508,0.636634401,1.685162351,3.772354694,2.239463602,8.421455939,1.747491639,3.887245841,5.448691317,6.307070707,7.61010101,5.886597938,1.405024804,2.247959674,0.710054999,1.618349918,3.208149936,0.992816092,4.087284483,1.519172873,2.000773722,5.112974052,3.031985094,5.164195326,5.351277014,0,0.485044462,0.034978624,0.147058824,0.693359375,1.761523046,5.529058116,0.374722838,2.534300274,0.299479167,4.213059858,3.026370866,0.528995131,-0.058556632,-0.386897999,-0.720245716,1.148032524,-1.036936237,0.006723705,2.788897107,-0.413477124,0.860854225,-0.855307636,1.311275666,-0.68958373,-0.908235774,0.046772503,0.507475006,-0.61147731,1.327762983,0.422923425,-0.383791051,0.31399537,0.297643112,0.327217608,0.59994318,1.108860363,1.289287837,-0.693141869,-0.105329135,-0.894373005,-0.108768406,-0.179730459,-1.459859662,0.390514757,2.474901737,-0.711120236,0.533636617,-1.455250816,0.202415303,-1.978871568,-0.215093905
9,R1-L2,W-C,w,c,m,0,,50,11.4,303,50,196,58,211,59,259,58,58,59,56,298,121,60,444,60,417,60,60,66,70,319,69,120,261,71,77,77,90.58195108,71.10114599,,67.58893281,61.30059118,68.59798299,78.8412102,73.73461012,84.34403488,68.74504204,0,85.35055813,88.22208359,,2,,0,0,2,0.666666667,0.333333333,1,1.333333333,,3.333333333,0.666666667,,2.666666667,,0.666666667,0.666666667,0.666666667,0.666666667,0.333333333,3.333333333,0,,0,0,0.461119539,0.256102482,,0.993980456,0.692442718,0.642167821,0.349547305,0.360009581,0.340831373,0.505663366,0.520923833,1.058358722,2.095253071,350.5590062,342.5444341,,328.6149163,355.5251142,350.806846,350.0990099,354.7277228,354.3157895,353.6952715,344.5272969,351.0979228,349.0801187,,2.707627119,,2.638717633,2.293219076,4.396551724,1.921455939,1.962792642,2.033271719,4.752804321,2.638383838,2.543434343,2.668041237,,2.595215234,,2.312544073,1.963651853,2.14295977,1.64295977,1.052923467,1.680382641,2.623952096,1.095800016,1.391196336,1.932416503,,0.127324171,,0.447761194,0.466796875,2.977955912,0.438877756,1.312638581,0.523324187,2.7734375,2.071996651,1.5508581,1.02478973,0.799017585,-0.9579755,-1.916639712,-0.15303463,-1.434411843,-0.459275673,-1.043664709,-1.020141923,-1.08508645,-0.855307636,-0.696023694,0.566243551,1.731430687,-0.78133083,0.973551404,,-1.162841843,0.741207256,0.342315073,0.213367774,1.246475901,1.111545639,1.28028296,1.405105061,0.864846774,0.599987282,1.580348415,-1.931526904,,1.009807212,-2.1756191,-0.801590746,-1.257032482,-2.266617824,-2.19663209,-2.135590596,-2.101128755,-0.298603223,1.131443405
10,R1-L4,W-L,w,l,m,0,,46,12.2,256,48,298,45,258,46,219,47,48,49,48,255,120,50,278,48,318,46,51,51,51,312,53,119,352,52,56,58,5.088557773,57.39910314,90.72022161,72.05301093,0,0,0,77.72132109,74.75227903,79.78740282,85.77699737,86.83055312,82.95695571,,2,1.666666667,2,,,,3,4.333333333,2.333333333,3.333333333,4.333333333,4,,1.333333333,0.666666667,1.666666667,,,,2.333333333,3.666666667,0.333333333,1.333333333,2,2.666666667,0.627156985,0.528704564,0.657928339,1.164925081,1.163930097,,1.362778443,0.81874012,0.807886576,1.820554455,0.69841769,1.595793612,-0.002476658,348.9751553,340.9541628,343.9125432,327.5799087,365.3576865,348.7286064,345.049505,347.1578947,352.9736842,344.7635727,335.9254328,340,338.4866469,,1.792628444,1.152271035,4.480065762,6.067436662,,,1.551003344,2.73012939,5.722891566,5.907070707,6.66185567,5.340206186,,1.12360739,1.00514737,4.244691687,1.975720574,,,1.25376327,2.270169515,4.209181637,4.582330564,5.258546169,3.985068762,,0.973571706,0.301204819,0.199736611,5.396484375,,,0.485587583,0.625245002,1.885850694,1.605274173,1.699867198,1.719787517,1.814427547,-0.086451603,-0.03249827,0.314073543,-0.32963349,-1.543889226,0.877193303,0.64235296,-0.162566426,1.306857894,-0.422185266,1.782826229,-1.351010709,-0.988356663,0.640639691,-0.824710423,-1.242127343,1.497131356,0.063043487,-0.189142612,0.298197985,0.943475347,0.495275521,0.701523903,-0.691437126,-0.369859581,2.80278421,-0.727091294,0.792212154,1.556200886,-1.826764846,,1.066335915,0.344154975,-1.106041773,0.811582372,-1.123709169,2.474263356,-0.981151128
11,R1-L3,G-C,g,c,m,0,,60,12.2,161,56,242,56,283,56,390,59,59,59,60,188,125,62,382,59,323,62,63,66,67,357,72,123,349,73,75,79,84.11582794,69.95515695,100,0,19.69076853,85.08997429,82.64608169,78.1512605,84.97820055,0,12.12843346,92.95121033,2.308172177,3,1,0,0,,1,0,3,1,4.333333333,4.333333333,1.333333333,7,3.333333333,1.333333333,0.333333333,0.333333333,,0.333333333,0.333333333,2.666666667,0.333333333,0,4,1.333333333,0,0.270133461,0.37159968,0.88057329,1.004820847,1.193506796,2.86595843,0.706069461,0.66582994,0.67733816,1.078693069,1.758427518,1.248235872,0.873434889,353.7267081,332.6847521,346.260069,342.587519,337.9299848,344.1564792,344.2079208,348.0526316,355.6578947,351.9089317,339.0945406,338.9910979,348.5756677,2.093220339,2.084884587,2.244973939,3.516235101,3.621460507,5.143678161,2.993311037,2.295150502,2.881700555,4.208558371,6.141414141,6.037113402,6.579381443,2.037526004,1.858694119,2.101960231,3.335422706,1.834800511,3.42816092,2.097528125,1.727539217,2.162551875,1.756087824,2.458271873,5.519842829,2.721807466,0.099029911,0.342013214,0.215701516,0.186567164,2.384765625,2.162324649,1.2172949,0.809312639,0.976087809,3.2421875,4.771871076,0.493581231,5.161575919,-0.368966931,-0.588724586,0.605100926,-0.123413136,-0.260330051,3.296679316,-0.367779006,0.088187999,-0.420423586,0.086964375,1.213203299,0.996065388,-0.063930693,-0.367279164,-1.090501215,-0.504860753,-0.092487586,-0.611499027,-0.551354003,-0.256227676,0.410282326,1.279615932,1.123281472,0.960738014,-0.832917481,0.553804098,-0.001687767,0.501776629,1.109961679,-0.030925551,0.351168976,3.848033319,-0.111551331,-0.322094327,-1.700039518,-1.036317097,0.252465285,1.828982869,-0.617734791
12,R1-L4,W-L,w,l,m,0,,48,11.7,190,46,214,45,217,43,303,44,46,48,95,286,120,46,321,45,334,46,49,52,54,324,56,115,289,55,55,58,89.28872645,52.91479821,93.58264081,72.75052313,0,79.0389559,30.27164354,82.72425249,68.56916369,49.00840869,33.80158033,92.14850119,23.84279476,2,,1,0,,3,,3,4,1.666666667,4,2.666666667,7.333333333,2,,1.333333333,0.333333333,,2,,1.666666667,4.666666667,0,1,1.333333333,0.666666667,0.301104177,0.019369095,0.401094463,1.134071661,0.961242718,0.52421863,0.899219162,0.722165269,1.06411825,1.417188119,0.685208845,0.707498771,0.403695332,352.1428571,,346.260069,343.1050228,337.412481,343.7408313,356.8316832,349.3947368,342.2368421,310.8231173,325.0599201,351.0979228,352.611276,1.582627119,,0.673864483,1.678997123,3.239567809,3.816091954,3.810618729,0.733695652,3.73012939,4.453676776,3.525252525,3.208247423,2.882474227,1.619459113,,0.522493301,1.573297814,0.911543376,3.276939655,1.089367771,0.666296942,1.406766547,4.153692615,2.874776803,2.805500982,0.799214145,0.018189167,,0.342013214,0.201931519,3.154296875,0.637274549,3.711751663,0.223946785,3.153665229,0.303819444,0.822519883,0.520141656,2.908366534,-0.179564037,-1.7148252,-0.768005956,0.229766214,-0.804565882,-0.658490407,-0.00161068,0.292354037,0.343538309,0.643574983,-0.44256394,-0.227992453,-0.754174358,-0.574304997,,-0.504860753,-0.052844835,-0.651284506,-0.60720832,0.750048287,0.578408838,-0.401086992,-2.487752744,-0.187210191,0.864846774,0.92326957,0.39474096,,-0.263145202,0.282611049,-0.153281376,-0.051282087,-0.751658967,-0.2860548,0.744625301,3.131327727,-0.255353749,-1.092839226,-1.677443928
13,R1-L3,G-C,g,c,m,1,12-Apr,44,11.5,226,47,244,46,264,45,240,46,46,46,46,221,112,46,263,46,347,45,39,50,52,256,54,118,302,55,54,56,92.94349171,66.56701545,100,73.12252964,32.92405639,0,0,0,87.35632184,0,92.92612567,90.71867553,7.298814722,1,2,1,0.666666667,0,0,0.333333333,1,1,0.333333333,0,3,2,1.666666667,2.666666667,0.666666667,0.666666667,0.333333333,1,0,1.333333333,1,0.666666667,1,3,1.333333333,0.228839174,0.334296237,0.557863192,0.558697068,1.482314563,0.43248037,0.924167665,0.739065868,0.486786124,0.558891089,0.537434889,1.073218673,1.12770516,343.1677019,335.5472404,350.5638665,346.7275495,343.1050228,349.1442543,362.3019802,352.0789474,344.4736842,332.2591944,326.8708389,348.0712166,347.5667656,1.665254237,3.276247208,2.749441549,5.269214961,5.327868852,5.093869732,3.793896321,1.739130435,3.223659889,5.062318238,5.18989899,6.731958763,6.24742268,1.750280045,3.06585813,2.410449866,4.940452872,4.673079654,4.579741379,1.802408493,1.538187292,2.721389885,4.712974052,4.807856533,5.782711198,5.025540275,0,0.233190828,0.448892344,0.278753292,0.716796875,0.490981964,2.691796009,0.337028825,0.650725206,0.338541667,0.372540812,1.055776892,1.471890217,-0.621504124,-0.707985751,-0.319059706,-1.342451539,0.416397649,-0.8134352,0.045686062,0.353603849,-0.796798943,-0.767781644,-0.670550352,0.599881782,0.309698568,-1.747451385,-0.491260132,0.081530308,0.224654417,-0.213644238,0.118897804,1.186101205,0.914661861,-0.120969838,-0.603734892,-0.039087842,0.44040571,0.46143773,1.125947262,-0.216725619,-0.400590014,-1.567105955,0.630041886,-0.932333005,-1.140415143,-0.561058012,-0.675829104,-0.164046751,-0.63146251,0.159476072,-0.151739163
14,R1-L3,G-L,g,l,m,0,,56,12.7,239,55,600,54,343,53,309,53,53,55,55,268,126,55,280,55,471,57,55,58,62,466,65,124,384,62,63,68,88.95136351,69.40707524,89.51985226,74.14554755,0,82.40063279,85.18663279,81.98162986,40.82441538,82.35760749,80.86040386,10.8240311,89.81908921,5,4.666666667,4,2.333333333,3,5.333333333,4.333333333,5.666666667,6.666666667,6.333333333,7,,5.666666667,6,6.666666667,4.666666667,3.666666667,2.666666667,2.333333333,8,8,2,3,4.333333333,,3,0.423266443,0.560986389,0.57370684,1.360885993,1.174368932,0.388335643,0.559597605,0.467851497,0.756802413,0.666178218,0.89985258,0.629896806,0.747125307,356.8944099,335.8652947,349.7813579,341.5525114,333.2724505,344.5721271,350.519802,349.8421053,326.1315789,342.9772329,335.9254328,343.5311573,351.2356322,1.271186441,1.593447506,1.344005957,2.114673243,3.060730253,4.239463602,1.099498328,1.095317726,,3.317407561,5.585858586,6.529896907,3.853608247,1.354216675,1.475109293,1.188125793,1.961921178,2.625301718,3.813218391,0.60885755,1.005783553,,3.04750499,3.880909867,1.896660118,3.616895874,0,0.229304314,0.299261562,0.239244952,0.5625,0.442885772,0.789356984,0.228381375,,0.323350694,2.134784429,6.257193448,0.243470562,0.567525158,0.016755174,-0.273687478,0.849539009,-0.305173453,-0.887995101,-0.645456654,-0.629309793,-0.263467054,-0.591362065,-0.111410492,-0.403658769,-0.249532241,0.046772503,-0.424677789,-0.025086249,-0.171773086,-0.969568337,-0.495499686,0.246910306,0.634451008,-2.417930501,0.338274034,0.701523903,-0.196255885,0.797327496,0.520752655,0.441432964,-0.24860123,1.021312095,0.664394884,-0.392495415,-0.89236696,-1.263760801,2.154463447,-0.929636099,-0.812934395,-0.207402884,-1.046859737
15,R2-L2,G-C,g,c,m,0,,70,12.3,312,71,356,78,289,76,323,73,75,76,78,344,134,79,308,80,341,80,81,90,89,303,95,134,266,95,94,97,90.58195108,0,90.72022161,70.19297838,0,71.84101246,0,80.4963846,87.4752279,84.19800095,88.46105606,90.61833689,87.57330006,1,3,3,1,,1,1,1,0,1,0,0.333333333,0,1,4,3,1.333333333,,0.333333333,0.333333333,0.333333333,0.333333333,1.666666667,0.333333333,1,0.666666667,0.253787806,1.693719776,0.544521173,1.097381107,1.330951456,0.658722094,0.687559281,0.575169834,1.626044042,0.533108911,0.453228501,0.317012285,0.449231897,363.2298137,350.4957905,352.9113924,332.2374429,354.4901065,352.8850856,353.0445545,346.7105263,349.3947368,348.9316988,325.5126498,351.6023739,354.1666667,0.688559322,6.297468354,1.584139985,1.874229346,4.053651267,5.501915709,,2.736204013,2.750462107,4.991690902,5.967676768,5.121649485,6.569072165,0.869739158,2.191157806,1.474756734,1.8126616,1.667258271,5.009698276,,2.500396134,2.449883942,4.633932136,5.677742411,4.75913556,5.905697446,0,5.380878352,0.217644773,0.127304653,3.181640625,0.424849699,,0.312638581,0.401803214,0.353732639,0.207199665,0.33643205,0.664010624,-0.46892957,3.638166315,-0.357267897,0.12950885,0.061727107,-0.43131571,-0.402870138,-0.240375176,1.453445213,-0.810177046,-0.800464397,-1.111930405,-0.687262118,0.874875836,2.638109968,0.401379978,-0.885342591,0.661636298,0.621586659,0.448165498,0.242155815,0.4952879,0.861612326,-0.150179604,0.935586951,1.06566772,-1.343805406,1.000056348,-0.758647875,1.014851441,-0.599909191,-1.05290237,-0.851035636,-0.482530991,0.958157312,-1.671789372,-0.650284793,-2.047517356,-1.752929838
16,R1-L4,W-C,w,c,m,0,,72,13.5,221,68,337,63,318,61,254,62,58,60,58,260,123,60,304,63,314,63,62,66,68,323,67,132,314,64,69,68,90.21647456,72.99451918,95.52169898,72.33201581,65.43883583,80.2254301,84.60035177,0,81.88664289,47.51705537,92.17358585,39.445629,86.6749844,2,1,2.333333333,1,1,2,1.333333333,6,2,0,3,1,2.666666667,4,2,3.333333333,1.333333333,2,0.666666667,0.333333333,4,2,0,2,0.666666667,2.666666667,0.240883341,0.396707766,0.350228013,0.681133981,1.157840777,0.576640493,0.797010778,1.715238612,0.632740875,1.892079208,0.524226044,0.459832924,0.50507791,359.5341615,342.2263798,351.7376295,323.957382,361.217656,350.391198,352.2029703,340.8947368,345.8157895,-114.3257443,342.2636485,358.1602374,351.7241379,1.014830508,1.973194341,3.136634401,2.373612824,2.583830104,7.176245211,6.642976589,7.144648829,6.576709797,7.05234732,6.519191919,4.610309278,5.193814433,1.177788446,1.838950783,3.053518545,2.326255583,2.552889394,5.777658046,5.514577721,3.018935193,5.102342266,6.029540918,5.797686515,2.48172888,4.152062868,0,0.223474543,0.068013991,0.074626866,0.037109375,1.543086172,1.274944568,5.432372506,1.777734222,1.148003472,0.759732105,2.857459053,1.288180611,-0.547847442,-0.508452648,-0.913674686,-1.007891255,-0.343901845,-0.569950525,-0.195374753,3.891371787,-0.508511435,1.424470946,-0.690929026,-0.788629632,-0.605200993,0.391815559,0.906969062,0.241455143,-1.519626595,1.178847524,0.286460756,0.381080434,-0.486392403,0.047100454,,1.219952125,1.855209255,0.842050867,-0.939663001,-1.41542171,-1.155129829,0.51173534,-1.52274937,-0.856411281,-0.576455187,4.37776419,-0.555611889,,-1.91088115,-2.643838887,-1.44725186
17,R1-L4,W-L,w,l,m,0,,62,12.4,301,58,272,61,325,56,258,56,59,60,58,242,129,59,304,59,236,59,61,66,67,252,70,123,291,69,75,71,93.78689907,67.36422521,97.69159741,0,61.52796726,84.85267945,80.14461599,77.79949189,69.67895363,86.51435824,90.09155901,88.28546344,0,0,1,2,0,1,0,0.666666667,1,2,1,1.666666667,3,,0,1.333333333,1.666666667,0,1,0.333333333,1.666666667,0.666666667,1.333333333,0.666666667,0.333333333,3,,0.65468651,0.458401922,0.431114007,0.48975534,0.662866019,0.606989992,0.412320958,0.606793363,0.743017798,0.415009901,0.415253071,1.821995086,1.187549038,353.7267081,343.1805426,348.9988493,329.6499239,-65.72298326,351.2224939,345.049505,344.9210526,350.7368421,347.7408056,331.3981358,342.5222552,336.5804598,0.701271186,1.161578555,1.584139985,1.40567201,1.782786885,2.831417625,2.081939799,1.52173913,1.536044362,2.864561695,2.4,5.839175258,7.684536082,0.814530325,0.998448738,1.52834579,1.319047246,1.681811728,2.577945402,1.750514974,1.348043099,0.761412394,2.685828343,2.068550578,5.101768173,2.673084479,0,0.322580645,0.14380101,0.193151888,0.185546875,0.324649299,0.494456763,0.314855876,1.144649157,0.223524306,0.452071997,0.816733068,6.71314741,1.982785675,-0.311213029,-0.682037525,-1.530835612,-1.503715283,-0.518690594,-0.924660003,-0.125767686,-0.290694208,-1.004375342,-0.859053084,2.294874853,0.397634227,-0.367279164,1.106716089,-0.131702805,-1.083556342,,0.39816939,-0.189142612,0.017987132,0.663358193,0.756944668,0.33121803,-0.33773624,-0.544373624,2.350064839,-1.417929118,-0.55033472,-0.44727927,,-0.916859984,-0.735517391,-0.143754818,-0.9540524,-1.761320009,-1.190271114,2.632611093,0.94200785
18,R2-L2,G-C,g,c,m,0,,34,10.9,179,42,351,50,301,52,310,51,53,53,52,423,115,58,343,56,322,56,58,65,74,328,79,124,434,75,80,78,87.34888951,0,97.2299169,68.84445478,58.93587995,80.62092149,1.856556576,0,81.45065398,76.29700143,91.27053807,77.77499059,1.559575795,1,,0,1,0,1,1,,1.666666667,2,0,3,,0.666666667,,0,1,0,0.333333333,0.333333333,1.666666667,1.333333333,1.333333333,1.333333333,0.333333333,,0.189265482,0.906760608,1.325863192,0.488015534,1.23961165,0.460070824,0.547525749,0.518409653,0.444621418,0.969742574,0.651361179,0.520923833,0.725998167,352.6708075,333.6389149,344.6950518,327.5799087,360.7001522,351.6381418,357.6732673,347.6052632,350.7368421,339.4045534,327.7762983,340.504451,341.954023,2.218220339,5.044676098,2.714072971,5.232223592,4.606929955,3.641762452,1.925167224,4.053093645,2.136783734,5.488159535,4.371717172,4.909278351,5.098969072,1.910705713,1.245945565,2.310675504,4.696779754,3.949311373,2.854885057,1.69386785,0.891300903,1.823872828,4.025149701,4.107212173,3.13280943,1.353634578,0.408245756,5.048581422,0.540225418,0.570676032,0.767578125,0.997995992,0.365853659,4.310421286,0.460603685,1.829427083,0.257429887,2.341744135,5.101814962,-0.863518933,1.122214433,1.880299316,-1.535589652,-0.15229822,-0.766835263,-0.668342174,-0.446080928,-0.880082001,-0.09219039,-0.494784291,-0.650339128,-0.280576836,-0.505296386,-0.890754187,-0.718093867,-1.242127343,1.139062046,0.454023708,0.817133352,0.354240156,0.663358193,0.024271058,0.034973332,-0.620696949,-0.052416546,-0.358222547,2.01296862,2.598393183,-0.293462308,-1.291360265,-1.22085897,-1.485475526,-0.800321084,-1.543440193,-0.116461449,-0.529757624,-0.029642179,-0.22816029
19,R2-L1,W-C,w,c,m,0,,50,11.1,230,52,281,53,142,52,288,52,53,56,55,285,112,58,299,45,271,57,58,59,63,239,67,118,241,66,67,69,89.28872645,72.89486796,100,66.51941409,0,77.29879375,81.19992183,66.94411415,0,83.72203713,87.68343158,87.34872115,12.41422333,3,0.666666667,0,0,4,1,2,1.333333333,1,1-Jan,3,1,6,3,1,0.666666667,0,2,1,0.666666667,1,1.333333333,1.333333333,2,1.333333333,0,0.210772924,0.386664532,1.367557003,1.344,1.44838835,0.553878368,0.633638323,0.421106486,0.485975264,0.458257426,0.671174447,0.69841769,1.061074244,355.8385093,333.3208606,348.6075949,346.2100457,361.7351598,357.0415648,351.7821782,348.5,359.2368421,351.3134851,327.7762983,348.0712166,338.5344828,2.417372881,1.14110201,1.617344842,2.70242499,3.772354694,6.588122605,4.002926421,3.097966728,1.669131238,2.81262983,5.161616162,5.571134021,6.921731526,2.455592895,1.115851079,1.197994202,2.471989344,1.414880023,5.644396552,2.659641895,0.967152001,1.343813744,2.426746507,4.481018554,5.042829077,2.530205816,0,0.134084726,0.645302897,0.309482002,3.16015625,0.95991984,1.76940133,2.928263426,0.509604077,0.5078125,0.776475513,0.540061974,5.691609977,-0.731989145,-0.540561423,1.999699915,0.803397836,0.336902527,-0.608395474,-0.505092129,-0.79871936,-0.79840054,-0.933260473,-0.464216281,-0.248549149,0.211789914,-0.091244719,-0.95733653,-0.185011084,0.185011666,1.218633003,1.180129832,0.347537902,0.466324497,1.727803378,1.070947643,0.034973332,0.44040571,-0.365480141,-0.640744426,0.416775107,2.184710998,0.618386169,-0.881730476,-1.788525306,-0.852630031,-1.265043857,-2.526203918,-2.004208116,-0.499189613,-0.688954859,0.577270055
20,R2-L1,W-C,w,c,m,0,,43,11.6,259,43,331,55,298,54,256,54,52,55,53,336,123,55,254,54,363,53,56,57,61,395,62,123,389,61,69,65,1.23699747,72.64573991,83.24099723,68.70495234,65.93906321,83.38936128,75.84522181,74.15774871,83.7098692,1.538949706,92.65019441,79.18902059,67.63568309,0,2,0,0,0,2,1,2,1,0-Jan,0,2.333333333,3.666666667,0.333333333,4.666666667,0.666666667,0.666666667,0.333333333,1.666666667,1,1.333333333,2.666666667,0,0.333333333,4.666666667,2,0.477465194,0.622680544,1.869550489,0.831627184,1.047363107,0.469727483,0.384153293,0.629497436,0.666796983,1.324039604,0.667046683,1.758427518,0.530537122,355.310559,334.5930776,345.8688147,343.6225266,345.2795031,323.3740831,360.1980198,348.9473684,348.3362522,329.8774081,321.8908123,348.5756677,341.954023,2.389830508,1.710722264,2.632552404,5.935059597,2.457153502,4.494252874,1.571906355,2.38077634,1.3012939,3.537598671,2.224242424,4.432989691,2.343681679,2.167146743,1.66372867,1.404058607,5.372953067,2.264659946,3.944324713,1.406670892,0.635155096,1.054371527,3.021157685,2.011489791,3.697445972,1.50612449,0.289005659,0.122425185,1.712028095,0.5618964,0.267578125,0.593186373,0.299334812,2.440219522,0.425323403,0.646701389,0.301381331,0.907481186,1.149659864,0.898980224,0.213994793,3.437283119,-0.596666829,-0.602770574,-0.750525284,-0.97805955,-0.043485385,-0.44124435,0.490404496,-0.470584616,2.150977977,-0.567790774,-0.16025333,-0.691007159,-0.558169032,-0.013202085,-0.046471092,-3.344069866,1.018388544,0.522366667,0.362735089,-0.813070209,-0.446424302,0.511145887,-0.052416546,1.059233554,0.905001953,3.995452151,-0.583464744,-0.556299482,2.593544582,-1.996448094,-0.565852052,-0.80397944,1.303474706,-0.024160314,1.63983209,-0.515374228
21,R2-L1,W-L,w,l,m,1,11-Jun,102,13.8,310,91,440,91,208,89,308,92,94,96,93,266,141,97,294,95,291,94,98,102,104,351,104,133,282,103,111,108,89.48552151,63.82660688,100,69.44896536,58.84492951,77.85248171,77.48680868,80.65794689,81.49028934,82.32587657,92.47460178,87.49844042,89.89394885,0,0,0,2,0.666666667,1,2,2,3,1-Jan,1,2,2,0.666666667,1,0.666666667,2,0.666666667,0.666666667,1.666666667,1.666666667,2.666666667,1.666666667,2,1.666666667,2,0.375089774,0.459119295,0.603726384,0.863813592,0.741157282,0.558706697,0.745504192,0.571926395,0.928704676,0.48819802,0.387184275,0.685208845,0.502614115,358.4782609,336.1833489,358.7802071,348.2800609,345.2795031,350.391198,338.3168317,350.2894737,345.3590193,329.2819615,320.0798935,352.1068249,348.7931034,0.902542373,0.737155622,0.431565968,1.2864776,0.670640835,1.270114943,0.936454849,0.593345656,1.06284658,1.316992106,1.280808081,2.670103093,1.37516397,1.076572252,0.668452969,0.351406409,1.277520959,0.686142269,1.210488506,0.655601331,0.496236899,0.961173243,1.237125749,1.134616878,2.306876228,1.263228064,0,0.223474543,0.248024583,0.092186128,0.09765625,0.190380762,0.507760532,0.264602117,0.239121913,0.171440972,0.261615739,0.500221337,0.224489796,0.272898434,-0.308919545,-0.187719048,-0.508717096,-1.320265003,-0.600240485,-0.29301964,-0.252129791,0.076071566,-0.884027102,-0.902357765,-0.278449799,-0.608821337,0.253798336,-0.358095447,1.201004153,0.343582667,-0.046471092,0.286460756,-0.725823125,0.690493179,-0.010100352,-0.865404038,-0.594546651,1.006327128,0.573710643,0.019100097,0.049175902,-1.3887232,-0.852299764,-1.273793911,-0.886701241,0.432803486,-0.94262297,0.086171918,-0.018623064,-0.307811114,-1.284776927,-1.18253198
22,R2-L2,G-L,g,l,m,0,,39,11.3,213,37,447,44,600,42,294,45,47,48,49,295,121,50,284,57,406,49,49,52,53,346,55,117,329,53,59,60,89.85099803,73.29347285,100,65.17089049,0,77.89203085,67.44186047,79.86523979,77.52675386,79.85086467,82.71666876,84.60386775,91.3661884,1,3,1,1.666666667,,2,2,5,4,1-Jan,2,2,1,2,3.333333333,1.333333333,1.333333333,,3,1.333333333,4.666666667,2.666666667,5,1,1.666666667,1,0.478325492,0.341469976,0.714631922,1.234392233,,0.57526097,1.564780838,0.893837707,1.403057617,0.859960396,0.780972973,0.537434889,0.417202566,368.5093168,335.8652947,354.4764097,341.0350076,,341.2469438,345.049505,347.6052632,342.3817863,341.1908932,329.587217,345.5489614,352.2126437,1.548728814,1.001489203,0.815865187,5.250719277,5.393070045,5.626436782,7.698578595,1.591497227,5.201478743,6.281678438,7.090909091,4.569072165,3.694796677,1.558649384,1.017486955,0.835226828,4.85857557,1.631407071,4.962643678,4.559499287,1.468312584,4.397552226,5.910179641,5.648241596,3.993713163,3.336805266,0.054567502,0.08744656,0.083406497,0.368744513,4.986328125,0.653306613,4.011086475,0.233241866,0.936887495,0.303819444,1.701548765,0.672864099,0.410430839,0.904241415,-0.685050911,0.129886544,0.50389334,-3.056927654,-0.572280522,1.260144344,0.914515689,1.013005965,-0.272712749,-0.294818556,-0.612963316,-0.734326587,1.564961947,-0.424677789,0.614613091,-0.211415836,,-0.942334224,-0.189142612,0.354240156,-0.382935793,0.181272546,0.183095681,0.086704824,0.886774238,-0.660720532,-0.260373122,-0.484726547,0.715309177,,0.370053702,1.449286956,0.560275533,1.395941759,-0.453985295,-0.477914237,-0.69966814,-1.621100824
23,R2-L2,G-C,g,c,m,0,,54,12.2,235,58,330,61,273,62,246,61,65,67,67,389,121,69,326,69,337,67,70,75,79,375,86,127,372,86,82,85,9.783525443,2.69058296,46.26038781,6.347361079,0,0,1.153019347,3.68608799,7.173999207,0,36.8869936,11.7654398,6.325639426,3,3,3,1,0,1.333333333,3,3,2,0-Jan,2,6.333333333,8.333333333,3,3.333333333,3.666666667,1.333333333,0.666666667,0.666666667,3,3,3,0.666666667,0.333333333,7,9.333333333,0.217655305,0.343622098,0.338553746,1.236132039,1.544947573,0.699418014,0.905657485,0.410565309,0.484353544,0.347643564,0.818948403,0.89985258,1.552190651,367.4534161,340,356.0414269,335.3424658,348.9751553,347.4816626,340.8415842,339.1052632,354.290718,341.1908932,315.0998668,348.0712166,342.9310345,2.021186441,3.482874162,4.32593506,3.629264283,5.70976155,5.810344828,6.206103679,2.035120148,2.541589649,3.687162443,6.381818182,7.560824742,8.992129427,2.118338934,3.181145114,4.00846196,3.335030949,5.181740735,4.30316092,4.769450166,1.722937329,2.356685658,3.512974052,5.608260228,3.066011788,3.52803933,0,0.343956471,0.324846356,0.338015803,0.517578125,1.813627255,1.738359202,0.466483732,0.254802038,0.173611111,0.837170364,5.993802568,7.01814059,-0.689899613,-0.678170459,-0.947106853,0.50864738,0.563157873,-0.362580802,0.010594931,-0.836921857,-0.801603735,-1.115150426,-0.236229869,0.207435756,0.933445102,1.426944725,0.440892664,0.827846204,-0.647486089,0.237649122,-0.104519465,-0.524567933,-0.710561085,1.108405972,0.181272546,-1.001883111,0.44040571,0.037030195,-2.116844338,-1.119063123,-1.774953057,1.156133469,0.325508751,-0.258061337,0.535162863,-0.126360772,-1.910009707,-1.296422972,0.765653242,-0.232969954,0.896414907
24,R2-L2,G-L,g,l,m,0,,55,12.4,111,53,282,57,229,54,232,56,56,58,60,230,126,64,284,61,325,61,62,66,69,263,69,125,245,70,70,71,91.20044982,36.17339312,100,68.00744013,51.65984538,78.72256278,55.44264217,4.003170828,52.08086,39.26701571,20.13044024,10.16843419,20.67373674,2,5,2,2,2,1.333333333,1,1,3,1-Jan,9,8.666666667,7.666666667,2,3,2.333333333,1.333333333,2,0,0,0.666666667,1.666666667,0.333333333,9.666666667,9,0.333333333,0.244324532,0.982084868,0.928938111,1.243091262,1.09607767,1.737508853,2.516847904,1.116824133,1.461267327,2.106653465,1.880609337,0.453228501,1.511948671,369.5652174,338.727783,354.0851554,326.0273973,343.6956522,343.3251834,347.1534653,340.4473684,346.5499124,327.4956217,333.2090546,349.0801187,341.4655172,0.724576271,4.810126582,3.787505138,3.877928483,6.460506706,6.314176245,,7.25323475,5.07948244,8.155380141,8.993939394,9.210309278,7.409269786,0.930948952,2.490480891,3.518765181,2.964036668,5.343248616,5.169181034,,3.765210663,2.438629809,5.377644711,4.798152317,4.566994106,3.191400717,0,3.027594248,0.291922739,1.189640035,1.279296875,1.264529058,,4.537436299,3.504508036,3.474392361,5.311845961,6.093404161,5.424036281,-0.526802676,1.363030247,0.74360562,0.527663538,-0.488623733,1.390741859,3.065049053,1.722645429,1.12798086,1.777310103,1.40170603,-0.803579957,0.874312821,1.702979169,0.174563294,0.561304813,-1.361055594,-0.168236898,-0.663062638,-0.021429951,-0.542434573,0.139033825,-1.022405526,0.47934038,0.581886065,-0.097139917,-2.229781846,1.188466953,0.182300807,1.888719132,-0.320386835,2.053804496,3.086479004,2.265080003,0.988947035,2.799715629,0.922365651,-1.385466021,0.971452738
25,R2-L4,G-C,g,c,m,0,,49,11.5,208,48,379,54,271,53,211,49,55,55,56,261,117,58,260,59,223,57,62,62,68,220,67,117,273,69,70,73,96.17655328,62.68061784,100,74.42455243,0,43.64247578,69.08344733,82.16409037,0,70.71235919,13.30741252,11.49095446,13.56207112,2,3,2,0.333333333,,5.333333333,4,1,7.666666667,4-Jan,8.333333333,,,2.333333333,3.333333333,2.333333333,0.333333333,,1.333333333,1.666666667,1.333333333,8,2,7.666666667,,,0.594465675,0.458401922,0.462801303,1.457957282,1.880730097,1.943057737,0.617542515,0.752748115,0.029940594,0.875762376,1.534702703,0.524226044,1.102958753,364.8136646,342.8624883,352.5201381,332.7549467,331.0248447,349.1442543,362.3019802,345.8157895,351.9089317,343.5726795,333.2090546,344.5400593,342.4425287,2.794491525,6.113179449,5.791204275,2.907932594,7.513040238,5.256704981,6.551003344,5.913123845,7.353049908,7.222683839,6.775757576,8.944329897,5.986007871,2.491598656,5.662106896,5.4379848,2.572279245,2.627431492,3.422054598,4.169307558,5.23211648,2.744601533,5.444311377,2.867401599,4.847937132,2.24856262,0.361762328,0.357559269,0.278753292,0.443371378,6.39453125,2.318637275,3.035476718,0.717365739,6.091728734,2.165798611,5.041858518,5.340858787,4.861678005,1.614502269,-0.311213029,-0.59129307,1.11478743,1.34995574,1.737911396,-0.535606156,0.403189962,-1.699152981,-0.24672847,0.868039513,-0.642863965,0.273335758,1.08190167,1.040133747,0.3480717,-0.845699841,-1.142363344,0.118897804,1.186101205,0.130071473,0.810137619,0.390607863,0.47934038,-0.054775531,-0.007693176,0.5326006,-1.351346776,-0.93936477,1.960487271,2.492319085,1.619013592,-1.721707361,0.273118489,-2.5092906,-0.637336333,0.388699133,-0.588088435,0.281028934
26,R2-L1,W-L,w,l,m,0,,55,12.5,293,54,205,56,276,53,288,51,54,58,53,384,121,56,319,63,380,54,58,63,66,366,66,122,377,67,68,74,90.97554119,0,100,68.79795396,63.21055025,5.912596401,59.62478014,66.82520809,69.4411415,68.49119467,36.33513107,90.06862133,88.14722396,1.666666667,2.666666667,2.333333333,2,0.333333333,1.333333333,3.666666667,4,3.666666667,4-Jan,4,3,3.333333333,2.333333333,3.333333333,3.333333333,2,0,0.333333333,2,2.666666667,3.333333333,2.333333333,3,1.333333333,2.666666667,0.291640903,0.262558847,0.886410423,1.13783301,1.273240518,0.792535797,0.705264671,0.641660332,0.754336634,0.963089109,0.56385258,0.415253071,0.482903758,366.9254658,342.2263798,355.2589183,329.6499239,349.5031056,347.0660147,344.6287129,339.5526316,334.6409807,328.6865149,318.2689747,344.0356083,351.2356322,1.061440678,1.548771407,0.548705302,2.135224003,1.831222057,5.197318008,4.816053512,0.878003697,2.147874307,6.946406315,3.565656566,4.032989691,3.683865326,1.109777564,1.214215202,0.530439552,1.818537961,1.624307823,2.041666667,1.077087625,0.727649996,0.938313287,4.79241517,2.023911187,3.790962672,3.054745438,0.040420372,0.530509133,0.153643547,0.467515364,0.328125,4.166332665,5.062084257,0.319482556,1.709133673,2.690972222,2.021766429,0.239043825,0.780045351,-0.237437143,-0.937334145,0.621817009,0.240044142,-0.073499832,-0.205306012,-0.369304708,0.000594419,-0.268337423,-0.103131139,-0.629793005,-0.889544324,-0.637784087,1.357936114,0.906969062,0.721229648,-1.083556342,0.278237724,-0.160373782,-0.222685144,-0.654518914,-1.352307941,-0.917737868,-0.742669,-0.125515708,0.797327496,-1.595373257,-1.844303206,-0.099412638,1.323600484,-0.351737555,-0.04493223,-0.146619564,0.655113333,1.083970518,0.814606728,0.112875995,-0.764028616,-1.435111583
27,R2-L1,W-C,w,c,m,0,,58,12.3,335,54,360,62,243,66,323,57,60,61,62,369,125,61,319,59,318,62,63,68,69,360,75,123,264,75,77,82,92.12819792,55.15695067,100,72.61102069,63.16507503,69.86355547,0,87.51486326,88.46611177,84.2614628,93.20205694,88.12227074,48.74610106,0,0,2,2,0,1.666666667,0.666666667,2,1.333333333,3-Jan,0,3.333333333,1.666666667,0.666666667,0,2.333333333,1.666666667,0.666666667,0.333333333,0.666666667,2.333333333,2,4.333333333,0.333333333,3.666666667,0.333333333,0.164316851,0.901021617,0.348560261,0.625460194,1.606175708,0.706315627,0.51131018,0.386239517,0.728554455,0.329346535,0.345081081,0.651361179,0.658654445,369.0372671,330.1403181,354.0851554,346.7275495,351.0869565,355.3789731,355.5693069,351.6315789,335.2364273,353.0998249,315.5525965,342.5222552,314.1091954,0.669491525,2.075577066,2.815454172,2.3756679,2.911698957,3.063218391,2.621237458,1.715341959,1.11090573,3.13253012,2.733333333,5.907216495,4.632706603,0.838934229,1.484628402,2.687847685,2.282770509,2.720431634,1.510775862,1.680003169,1.57065485,1.095519449,2.96247505,2.373262945,5.103732809,2.45396217,0,0.845316751,0.158033363,0.138279192,0.236328125,2.116232465,1.308203991,0.254802038,0.115640925,0.197482639,0.473001256,0.905267818,2.827664399,-1.016093487,1.103866562,-0.91845071,-1.160020523,0.706626227,-0.350930818,-0.736998735,-0.925081465,-0.319261972,-1.145237486,-0.967314788,-0.355070213,-0.379532899,1.633970558,-1.623159955,0.561304813,0.224654417,0.400003529,0.956712563,0.649420691,0.858619691,-1.277740853,1.227949131,-0.964852524,-0.33773624,-2.601648674,-2.650064045,2.727026517,-1.479755522,-1.384674939,0.306622698,-1.307643381,-1.386419426,-1.783701156,0.958478881,-2.373186616,-0.002462264,-0.017333974,2.222115775
28,R2-L4,G-L,g,l,m,1,5-May,76,13.3,224,69,301,78,363,80,222,77,79,73,75,232,133,78,251,76,286,79,84,89,94,244,101,136,352,102,101,112,90.07590666,8.1714001,100,64.89188561,61.52796726,0,68.3408247,84.30439952,69.98661824,0,13.2572432,11.34123518,81.61356792,3,3.333333333,1.666666667,1,0.666666667,,1.666666667,2,3.333333333,9-Jan,2,,3,2.666666667,2,1,0.333333333,0,,1,2,2.333333333,9.666666667,0.333333333,,2.666666667,0.25980989,1.266882306,1.281667752,1.963370874,1.206137302,1.071199384,1.814265868,0.511111916,1.472910891,2.429346535,2.313199017,0.671174447,0.493580202,367.9813665,328.2319925,350.5638665,342.587519,299.8757764,,352.2029703,342.2368421,344.7635727,314.9912434,310.1198402,335.9643917,338.045977,0.781779661,7.012285927,1.750924784,3.863636364,1.562965723,8.33908046,6.996237458,1.722735675,5.980473619,10.74366431,7.606060606,9.560824742,6.724967206,0.906545047,4.385488648,1.438141503,2.940153344,1.228169814,3.352011494,5.438916178,1.463740592,4.044710579,3.808782435,4.714696064,4.201571709,6.082409799,0,3.289933929,0.487269535,1.181640625,0.521484375,6.446893788,1.849223947,0.413563309,2.445746528,8.986545139,3.627040603,7.078353254,0.603174603,-0.432101229,2.273543371,1.753734682,2.495835936,-0.230734541,0.26535336,1.733111766,-0.472528811,1.150979044,2.307936431,2.069107594,-0.310219239,-0.622095931,1.495953336,-2.02265401,0.081530308,-0.092487586,-3.537090859,,0.381080434,-0.318265891,-0.08466744,-2.12141594,-1.409219571,-1.257358544,-0.410203512,-1.928054565,4.296197381,1.672204374,2.588323522,3.306356318,,1.352031332,-0.15426292,1.235646484,4.429352371,3.478327165,0.947139305,-0.211892419
29,R2-L4,G-L,g,l,m,0,,48,11.5,220,47,274,55,200,55,266,58,60,60,61,298,121,65,305,63,246,62,66,70,68,334,75,126,283,75,77,83,64.38009559,54.06078724,100,70.70448733,0,70.41724342,0,86.12762584,2.504301281,0,44.56289979,10.29320025,0,2,1.666666667,2.666666667,1,,1,12,3,4.666666667,,6.666666667,12,,2.666666667,1.666666667,3,1,,0.666666667,10.33333333,1.333333333,3.333333333,,2.333333333,8,,0.234861258,0.453380304,0.336052117,1.290066019,2.374421507,0.754598922,0.783329341,0.812751735,1.209267327,2.553267327,2.083695332,0.667046683,-0.018067828,370.0931677,334.5930776,356.4326812,349.3150685,343.1677019,342.4938875,346.7326733,348.9473684,346.5499124,328.0910683,322.7962716,346.0534125,22.95977011,1.745762712,5.956813105,2.59350596,1.808867362,6.618852459,5.718390805,7.349498328,3.979667283,5.319900291,8.724553386,8.414141414,8.971134021,,1.840694511,4.546608377,2.468463527,1.566093994,2.550759619,5.08045977,2.501584535,2.779419005,1.846706587,4.10259481,4.130890459,4.293516699,,0,1.690633502,0.169007902,0.37890625,5.328125,0.609218437,6.427937916,1.571932575,4.5703125,5.950520833,5.4604437,6.157591855,,-0.584675783,-0.327267417,-0.954270889,0.656022608,2.506762069,-0.269380926,-0.221311676,0.620650329,0.63023446,2.511707882,1.715028139,-0.319563192,-1.37392065,1.77198778,-0.691007159,0.881154483,0.422868168,-0.2088255,-0.774771272,-0.054972483,0.522366667,0.139033825,-0.970071697,-0.372363127,0.157445001,,-2.356663564,0.363739743,-1.835425372,0.23315444,2.715587568,0.505390346,-0.166339193,0.098283662,0.491200636,3.481779579,2.087391266,-0.477008193,
30,R2-L3,W-C,w,c,m,0,,28,11,221,32,259,39,281,39,195,38,39,40,41,246,107,44,243,44,274,44,46,50,52,248,60,122,253,56,61,63,92.24065224,0,100,76.28458498,66.84856753,85.48546569,77.76040649,88.06975822,2.198432422,84.64223386,89.46444249,90.51777916,85.13235061,0,0,0,0,0,0,0.666666667,0,0,0,0,0.666666667,0,0,0.666666667,0.666666667,0.333333333,0.333333333,0,0,0.333333333,0.666666667,0.333333333,0,0.333333333,0,0.260670187,0.974911129,0.526175896,0.91078835,1.231085934,0.469727483,0.427611976,0.234608748,0.410019802,1.355643564,0.378928747,0.387184275,1.348516957,350.7173913,337.7736202,360.3452244,351.3850837,349.5031056,343.3251834,345.470297,342.6842105,348.9316988,322.7962716,338.1890812,338.9910979,344.8850575,2.033898305,1.820551005,2.342786683,1.035767511,1.570417288,4.727969349,4.404264214,2.105360444,2.798088907,5.076859161,3.44040404,2.832989691,3.154787932,2.11593855,1.550557044,2.193449816,0.893440295,1.547635951,3.746767241,2.993978767,1.806639938,2.374451098,4.445908184,2.467199752,2.600392927,2.098991751,0,0.421686747,0.219490781,0.291015625,0.091796875,1.174348697,1.833702882,0.442963544,0.559895833,0.720486111,1.262034324,0.305444887,1.394557823,-0.426840038,1.340095408,-0.40980416,-0.380358027,-0.172275482,-0.750525284,-0.895671677,-1.474609689,-0.948426563,0.542373054,-0.915094436,-0.953083204,0.634163352,-0.760628247,-0.025183734,1.414237266,0.581439169,0.278237724,-0.663062638,-0.155600079,-0.26222372,0.437302178,-1.435431632,0.886676839,-0.832917481,0.215923678,0.333788209,1.365279142,-1.824041426,-0.961797196,-0.450513206,-0.087462647,-0.740071597,-1.212385968,-1.385728741,1.977804687,-1.801771276,-0.120165724,0.418239674
31,R2-L4,G-L,g,l,m,0,,45,11.2,241,46,289,47,207,46,294,48,50,48,49,220,111,48,244,48,344,47,48,50,53,236,55,114,340,57,54,57,91.39724487,67.76283009,100,69.68146943,60.07276035,0,74.16454954,81.25247721,74.53641751,0,75.74313307,12.13973799,0,5,3,0.333333333,3.333333333,1,9,2,4,2.666666667,8.666666667,2,8,8.666666667,6.333333333,3.666666667,0.333333333,3,0.666666667,5.666666667,0.333333333,2.666666667,1.666666667,9.666666667,0,9,8.333333333,0.208192031,0.610485188,0.592885993,0.949064078,1.694786366,1.702331024,1.66457485,1.081957164,1.274970297,1.427168317,2.495646192,0.780972973,2.008813932,352.5652174,339.3638915,358.7802071,336.3774734,,345.403423,330.7425743,341.7894737,322.1366025,338.6418109,322.3435419,349.0801187,341.4655172,1.228813559,2.926284438,3.764899301,4.288375559,6.693368107,8.204980843,3.954849498,3.118299445,1.551724138,7.53842958,7.707070707,7.884536082,10.26672497,1.344615138,1.843181498,3.5066207,3.718230868,6.195513276,4.128591954,2.495246395,1.664556517,1.165668663,2.547704591,5.069482183,2.78978389,4.199233397,0,1.461329188,0.278753292,0.66796875,0.412109375,5.188376754,1.935698448,1.983535868,0.575086806,6.514756944,3.279614902,6.817175741,7.757369615,-0.74777272,0.175005566,-0.218763203,-0.275769155,0.914256677,1.331326938,1.449331313,1.596283324,0.760009924,0.659986107,2.350588025,-0.06167009,1.604415478,-0.519098108,0.307727979,1.201004153,-0.568200589,,-0.383791051,-1.329588703,-0.374308062,-2.918216795,-0.042766417,-0.409393715,0.581886065,-0.097139917,-0.228674612,-0.132722413,-1.419767356,0.292431433,,1.715117989,2.778920016,1.970591386,3.678226719,0.702752523,2.75998174,-0.643556154,1.701555395
32,R2-L3,W-L,w,l,m,0,,38,10.7,225,37,376,36,326,34,250,32,35,36,34,337,111,33,369,32,316,34,36,38,39,363,37,108,424,37,40,41,93.05594602,76.88091679,100,61.96233434,0,2.985960055,85.92925542,78.6365438,0,10.01110582,91.29562273,82.25826575,21.12854652,1,1,1,,,2.333333333,0,3,1,0.666666667,2,3,2.333333333,1.666666667,2.666666667,1,0,,2,0.333333333,3.333333333,1.666666667,0.333333333,1,2.333333333,0.666666667,0.183243399,0.287666934,0.494488599,0.607192233,0.862018243,1.714056967,0.843688623,0.409754449,0.750178218,1.422178218,0.591095823,0.818948403,1.525088909,353.3043478,342.2263798,357.9976985,334.8249619,,345.403423,336.6336634,343.5789474,338.2136602,329.1344874,344.0745672,355.6379822,344.3965517,1.697033898,1.083395383,0.854911632,2.263412817,5.806631893,3.5,5.221571906,2.295748614,4.175321978,6.115496469,6.076767677,3.707216495,4.573677307,1.826692271,1.040050769,0.787824179,0.707085049,1.494391594,2.565373563,4.852242117,2.163606949,3.847904192,5.7249501,5.593121652,2.597249509,2.517706858,0,0.163233579,0.201931519,2.15625,5.716796875,1.216432866,0.317073171,0.197961584,0.355902778,0.338541667,0.462536626,1.482957061,2.664399093,-0.900347274,-0.857062207,-0.500548615,-1.209937938,-1.037066385,1.351131912,-0.106884074,-0.839860511,-0.27655106,0.651780545,-0.58776199,0.024294278,0.893621321,-0.422486052,0.906969062,1.094387596,-0.68712884,,-0.383791051,-0.859993254,-0.150139379,-0.904905411,-0.878365546,1.368074474,1.501508369,0.171200307,-0.477861221,-1.764031268,-1.594936211,-0.522809099,,1.734922963,0.75310918,-0.689721131,0.628354352,1.530146091,-1.955836464,-1.477214091,0.722421014
33,R2-L3,W-C,w,c,m,0,,42,11,267,43,352,44,352,43,300,45,44,46,44,326,112,47,409,46,447,46,46,49,51,320,50,114,331,48,57,53,16.95248805,70.95166916,,79.7256452,30.60482037,0,0,0,93.95909004,0,92.12341653,92.51403618,88.46092883,0.666666667,3.333333333,1,0.666666667,0.666666667,1.333333333,0,1.333333333,1,0,0,2,2.333333333,2,4,1.666666667,2,0.666666667,3.333333333,0.333333333,1.333333333,1.333333333,0.333333333,0.666666667,2.666666667,3.333333333,0.283037926,0.359404323,0.830540717,1.27527767,1.750705713,0.393163972,0.427611976,0.610036802,0.782613861,0.427636364,0.450751843,1.880609337,0.35068011,352.5652174,341.5902713,359.5627158,336.3774734,345.2795031,349.5599022,363.1435644,344.4736842,339.4045534,338.1890812,321.8908123,341.0089021,353.1896552,1.177966102,1.215562174,1.179613646,3.986587183,2.699329359,2.927203065,1.881270903,2.121996303,2.644370586,5.193186539,2.854545455,1.913402062,1.519457805,1.351016163,0.846495558,1.153725613,3.779994321,1.938804487,2.196479885,1.642766598,1.763381867,2.41996008,4.841916168,2.572005279,1.851473477,1.442379802,0,0.602409639,0.122914838,0.1875,1.033203125,0.981963928,0.379157428,0.525284202,0.297309028,0.334201389,0.362076183,0.126162019,0.167800454,-0.290049058,-0.627713813,0.461820208,0.615613271,1.045285602,-0.879840112,-0.895671677,-0.114013071,-0.212484691,-0.983612784,-0.804285398,2.427558985,-0.832075868,-0.519098108,0.773804377,1.307620709,-0.568200589,-0.046471092,0.174752121,1.253186269,-0.038055038,-0.755771235,-0.082556851,-0.446424302,-0.549956772,0.976220979,0.22904905,-1.401518189,-0.845800502,1.18381386,1.091756694,-1.054592233,-2.148857946,-0.075958033,0.543286543,-0.901055933,-0.357861096,2.977515757,-1.808296847
34,R2-L3,W-C,w,c,m,0,,74,13.5,208,76,312,68,424,70,385,72,69,73,71,291,132,71,321,69,413,70,75,77,80,300,79,133,350,78,83,82,90.35704245,69.7060289,100,68.75145315,60.98226467,78.80166106,82.8805941,83.07570353,80.92142994,83.72203713,25.27279569,90.16843419,85.76636551,1,3,4,0,0,1,1,2,1,0,0,1,5,1.666666667,3.333333333,3,1,0.666666667,2,1,2.333333333,1,0,0.333333333,1,2.333333333,0.315729237,0.437598078,0.628742671,1.631937864,1.241409506,0.382127791,0.390591617,0.464892911,0.459920792,0.498633907,1.639547912,1.534702703,0.597059578,356.2608696,342.2263798,358.3889528,332.7549467,355.310559,350.391198,340,338.6578947,348.9316988,349.9600533,284.3142477,324.3620178,344.8850575,0.830508475,1.265822785,3.520345253,4.44485842,3.032786885,4.059386973,1.308528428,1.739371534,3.07852098,3.683007894,3.034343434,2.418556701,4.160472234,1.029364698,1.283316881,3.34090731,4.093071134,2.805977566,3.76795977,1.020836634,1.54709151,2.841916168,3.196007984,2.74629299,2.295088409,3.408882593,0,0.066070735,0.184372256,0.357421875,0.27734375,0.270541082,0.490022173,0.319482556,0.290798611,0.598958333,0.359983257,0.179282869,0.916099773,-0.090123781,-0.377724063,-0.116078688,1.590191391,-0.148085527,-0.898480087,-0.965853939,-0.640032066,-0.849862919,-0.866866658,1.029795235,1.644535725,-0.470041493,-0.03603783,0.906969062,1.147695874,-0.845699841,0.724712345,0.286460756,-0.591652997,-0.766603256,0.437302178,0.951994452,-3.519963045,-2.884382622,0.215923678,-0.054085951,-1.284693125,-1.263774563,2.435891231,-0.872797872,-1.184940843,-0.374200943,0.12657119,-1.287165097,-1.81886111,4.54975828,4.528918347,-0.68596517
35,R2-L3,W-L,w,l,m,0,,55,11.7,193,54,191,49,252,47,217,50,52,52,51,189,120,51,306,51,290,51,53,57,58,258,58,125,321,58,60,62,91.00365477,64.62381664,100,67.12392467,56.84402001,1.839035001,78.73754153,83.94768133,78.32154464,81.7864509,91.52138467,87.82283219,83.76921858,2,3.333333333,3.333333333,4,0.666666667,1,0.333333333,1.666666667,2,1.333333333,1,0,1,2.666666667,3,4.333333333,1.666666667,0,0.666666667,0.333333333,1.333333333,1.333333333,0.666666667,1,0,0.666666667,0.209052328,0.555247398,0.380247557,0.592403883,2.112891023,0.404889915,1.054543713,0.545978884,0.433306931,0.503587224,0.298850123,0.56385258,0.474691109,354.4130435,338.4349827,359.1714614,347.7625571,351.0869565,354.5476773,347.9950495,349.3947368,353.6952715,349.0545939,322.3435419,345.0445104,305.8045977,2.355932203,2.29523455,2.924373202,4.379657228,4.992548435,5.126436782,3.599498328,2.502772643,4.563772331,5.986705442,3.262626263,3.562886598,4.083952777,2.459993599,1.760329996,2.791663402,4.087746699,4.450163283,4.684985632,3.310489621,2.388689597,4.251497006,5.34251497,3.178324664,2.742632613,3.130989084,0,0.75204042,0.158033363,0.279296875,0.583984375,0.386773547,0.323725055,0.15876127,0.314670139,0.690104167,0.073252407,1.084550686,1.195011338,-0.742511528,-0.001592697,-0.827706255,-1.250347275,1.893949867,-0.860035138,0.292849682,-0.346166706,-0.902430196,-0.85872158,-1.038640146,-0.553162017,-0.649851899,-0.277567969,0.113267696,1.254312431,0.303939917,0.400003529,0.845003929,0.045655113,0.578408838,1.033838884,0.872413582,-0.409393715,0.015964646,-3.361945976,-0.464943559,-0.114860394,-2.082018686,-1.554287192,1.493946338,-1.705039067,0.247194569,-0.924575544,-1.93626908,-1.731135162,-0.629246431,-0.569126663,2.712094076
36,R2-L4,G-L,g,l,m,0,,34,11,241,34,197,38,195,36,215,39,38,39,39,150,109,41,194,39,217,39,40,43,44,236,45,105,177,44,45,48,14.50660669,0,,,63.80172806,0,56.81063123,80.7372176,0,0,38.06597266,42.00873362,,3,,,,1,3,3,3.666666667,8.333333333,,2,2.333333333,,3.666666667,,,,0.333333333,0.666666667,3,3,2.333333333,,0.333333333,1.333333333,,0.225980456,0.839327462,,,1.780816131,1.245019246,1.163190419,0.550844042,,1.058358722,2.095253071,0.345081081,0.045169569,362.9130435,336.8699655,,,348.9751553,356.8316832,356.4108911,343.5789474,346.5499124,340.4527297,306.9507324,345.5489614,,2.025423729,3.064035741,,,4.001490313,7.51532567,4.857859532,2.375231054,,7.775238887,5.98989899,5.222680412,,2.112738038,1.032999577,,,2.996237399,4.915948276,2.335208366,1.675107266,,2.406387226,3.758248583,2.849901768,,0,2.757481539,,,1.28515625,3.188376754,3.356984479,0.983927871,,7.016059028,2.823357053,3.160690571,,-0.638986752,0.906626943,-1.916639712,-2.869097762,1.115839638,0.558932969,0.498819366,-0.328534784,-1.758291167,0.053527215,1.732859478,-1.048391525,-1.280998494,0.83347067,-0.214357271,,,0.237649122,1.151926167,0.716505755,-0.150139379,0.139033825,0.116395322,-1.668433682,0.086704824,,-1.472457422,1.120984214,,,0.878190516,-0.592993198,-0.217686389,-0.178395405,,-0.062868107,3.40129316,-1.135096349,
